﻿pos_x,pos_y,rotation,side,designator,mpn,pack,value,mount_type,place
153.9875,-72.39,0.0,top,J1,,PinHeader_1x08_P2.54mm_Vertical,Conn_01x08,tht,True
130.175,-71.27875,0.0,top,J2,1-0301FBV0T,PinHeader_1x03_P2.54mm_Vertical,Conn_01x03,tht,True
130.175,-81.275,0.0,top,J3,1-0201FBV0T,PinHeader_1x02_P2.54mm_Vertical,Conn_01x02,tht,True
130.175,-88.9,0.0,top,J4,1-0201FBV0T,PinHeader_1x02_P2.54mm_Vertical,Conn_01x02,tht,True
157.1625,-105.56875,-90.0,top,J5,1-0201FBV0T,PinHeader_1x02_P2.54mm_Vertical,Conn_01x02,tht,True
111.76,-115.57,0.0,top,XA1,,Arduino_Uno_R3_Shield,Arduino_Uno_R3_Shield,tht,True
